<?xml version="1.0" encoding="utf-8"?>
<annotation>
<folder>images</folder>
<filename>26598a44-IMG_6921.jpeg</filename>
<source>
<database>MyDatabase</database>
<annotation>COCO2017</annotation>
<image>flickr</image>
<flickrid>NULL</flickrid>
<annotator>1</annotator>
</source>
<owner>
<flickrid>NULL</flickrid>
<name>Label Studio</name>
</owner>
<size>
<width>640</width>
<height>480</height>
<depth>3</depth>
</size>
<segmented>0</segmented>
<object>
<name>Bud</name>
<pose>Unspecified</pose>
<truncated>0</truncated>
<difficult>0</difficult>
<bndbox>
<xmin>48</xmin>
<ymin>249</ymin>
<xmax>116</xmax>
<ymax>332</ymax>
</bndbox>
</object>
<object>
<name>Bud</name>
<pose>Unspecified</pose>
<truncated>0</truncated>
<difficult>0</difficult>
<bndbox>
<xmin>49</xmin>
<ymin>48</ymin>
<xmax>84</xmax>
<ymax>88</ymax>
</bndbox>
</object>
<object>
<name>Bud</name>
<pose>Unspecified</pose>
<truncated>0</truncated>
<difficult>0</difficult>
<bndbox>
<xmin>36</xmin>
<ymin>5</ymin>
<xmax>69</xmax>
<ymax>46</ymax>
</bndbox>
</object>
<object>
<name>Bud</name>
<pose>Unspecified</pose>
<truncated>0</truncated>
<difficult>0</difficult>
<bndbox>
<xmin>171</xmin>
<ymin>14</ymin>
<xmax>259</xmax>
<ymax>106</ymax>
</bndbox>
</object>
<object>
<name>Bud</name>
<pose>Unspecified</pose>
<truncated>0</truncated>
<difficult>0</difficult>
<bndbox>
<xmin>243</xmin>
<ymin>100</ymin>
<xmax>319</xmax>
<ymax>143</ymax>
</bndbox>
</object>
<object>
<name>Bud</name>
<pose>Unspecified</pose>
<truncated>0</truncated>
<difficult>0</difficult>
<bndbox>
<xmin>285</xmin>
<ymin>187</ymin>
<xmax>335</xmax>
<ymax>238</ymax>
</bndbox>
</object>
<object>
<name>Bud</name>
<pose>Unspecified</pose>
<truncated>0</truncated>
<difficult>0</difficult>
<bndbox>
<xmin>200</xmin>
<ymin>350</ymin>
<xmax>260</xmax>
<ymax>449</ymax>
</bndbox>
</object>
<object>
<name>Bud</name>
<pose>Unspecified</pose>
<truncated>0</truncated>
<difficult>0</difficult>
<bndbox>
<xmin>434</xmin>
<ymin>223</ymin>
<xmax>489</xmax>
<ymax>295</ymax>
</bndbox>
</object>
</annotation>
