<?xml version="1.0" encoding="utf-8"?>
<annotation>
<folder>images</folder>
<filename>2e492c86-IMG_6440.jpeg</filename>
<source>
<database>MyDatabase</database>
<annotation>COCO2017</annotation>
<image>flickr</image>
<flickrid>NULL</flickrid>
<annotator>1</annotator>
</source>
<owner>
<flickrid>NULL</flickrid>
<name>Label Studio</name>
</owner>
<size>
<width>1024</width>
<height>768</height>
<depth>3</depth>
</size>
<segmented>0</segmented>
<object>
<name>Stem</name>
<pose>Unspecified</pose>
<truncated>0</truncated>
<difficult>0</difficult>
<bndbox>
<xmin>390</xmin>
<ymin>439</ymin>
<xmax>708</xmax>
<ymax>489</ymax>
</bndbox>
</object>
<object>
<name>Stem</name>
<pose>Unspecified</pose>
<truncated>0</truncated>
<difficult>0</difficult>
<bndbox>
<xmin>54</xmin>
<ymin>444</ymin>
<xmax>193</xmax>
<ymax>477</ymax>
</bndbox>
</object>
<object>
<name>Stem</name>
<pose>Unspecified</pose>
<truncated>0</truncated>
<difficult>0</difficult>
<bndbox>
<xmin>26</xmin>
<ymin>179</ymin>
<xmax>431</xmax>
<ymax>216</ymax>
</bndbox>
</object>
<object>
<name>Stem</name>
<pose>Unspecified</pose>
<truncated>0</truncated>
<difficult>0</difficult>
<bndbox>
<xmin>486</xmin>
<ymin>186</ymin>
<xmax>707</xmax>
<ymax>222</ymax>
</bndbox>
</object>
<object>
<name>Stem</name>
<pose>Unspecified</pose>
<truncated>0</truncated>
<difficult>0</difficult>
<bndbox>
<xmin>702</xmin>
<ymin>217</ymin>
<xmax>847</xmax>
<ymax>243</ymax>
</bndbox>
</object>
<object>
<name>Stem</name>
<pose>Unspecified</pose>
<truncated>0</truncated>
<difficult>0</difficult>
<bndbox>
<xmin>920</xmin>
<ymin>284</ymin>
<xmax>1023</xmax>
<ymax>317</ymax>
</bndbox>
</object>
<object>
<name>Stem</name>
<pose>Unspecified</pose>
<truncated>0</truncated>
<difficult>0</difficult>
<bndbox>
<xmin>945</xmin>
<ymin>438</ymin>
<xmax>1022</xmax>
<ymax>471</ymax>
</bndbox>
</object>
<object>
<name>Stem</name>
<pose>Unspecified</pose>
<truncated>0</truncated>
<difficult>0</difficult>
<bndbox>
<xmin>444</xmin>
<ymin>321</ymin>
<xmax>529</xmax>
<ymax>352</ymax>
</bndbox>
</object>
</annotation>
