<?xml version="1.0" encoding="utf-8"?>
<annotation>
<folder>images</folder>
<filename>88969803-IMG_6920.jpeg</filename>
<source>
<database>MyDatabase</database>
<annotation>COCO2017</annotation>
<image>flickr</image>
<flickrid>NULL</flickrid>
<annotator>1</annotator>
</source>
<owner>
<flickrid>NULL</flickrid>
<name>Label Studio</name>
</owner>
<size>
<width>640</width>
<height>480</height>
<depth>3</depth>
</size>
<segmented>0</segmented>
<object>
<name>Bud</name>
<pose>Unspecified</pose>
<truncated>0</truncated>
<difficult>0</difficult>
<bndbox>
<xmin>116</xmin>
<ymin>39</ymin>
<xmax>221</xmax>
<ymax>124</ymax>
</bndbox>
</object>
<object>
<name>Bud</name>
<pose>Unspecified</pose>
<truncated>0</truncated>
<difficult>0</difficult>
<bndbox>
<xmin>203</xmin>
<ymin>144</ymin>
<xmax>276</xmax>
<ymax>223</ymax>
</bndbox>
</object>
<object>
<name>Bud</name>
<pose>Unspecified</pose>
<truncated>0</truncated>
<difficult>0</difficult>
<bndbox>
<xmin>272</xmin>
<ymin>196</ymin>
<xmax>350</xmax>
<ymax>265</ymax>
</bndbox>
</object>
<object>
<name>Bud</name>
<pose>Unspecified</pose>
<truncated>0</truncated>
<difficult>0</difficult>
<bndbox>
<xmin>353</xmin>
<ymin>308</ymin>
<xmax>481</xmax>
<ymax>419</ymax>
</bndbox>
</object>
<object>
<name>Bud</name>
<pose>Unspecified</pose>
<truncated>0</truncated>
<difficult>0</difficult>
<bndbox>
<xmin>319</xmin>
<ymin>235</ymin>
<xmax>402</xmax>
<ymax>315</ymax>
</bndbox>
</object>
<object>
<name>Stem</name>
<pose>Unspecified</pose>
<truncated>0</truncated>
<difficult>0</difficult>
<bndbox>
<xmin>85</xmin>
<ymin>18</ymin>
<xmax>143</xmax>
<ymax>87</ymax>
</bndbox>
</object>
<object>
<name>Stem</name>
<pose>Unspecified</pose>
<truncated>0</truncated>
<difficult>0</difficult>
<bndbox>
<xmin>138</xmin>
<ymin>58</ymin>
<xmax>210</xmax>
<ymax>150</ymax>
</bndbox>
</object>
<object>
<name>Leaf-Attachment</name>
<pose>Unspecified</pose>
<truncated>0</truncated>
<difficult>0</difficult>
<bndbox>
<xmin>352</xmin>
<ymin>283</ymin>
<xmax>376</xmax>
<ymax>299</ymax>
</bndbox>
</object>
<object>
<name>Leaf-Attachment</name>
<pose>Unspecified</pose>
<truncated>0</truncated>
<difficult>0</difficult>
<bndbox>
<xmin>377</xmin>
<ymin>363</ymin>
<xmax>395</xmax>
<ymax>384</ymax>
</bndbox>
</object>
</annotation>
