<?xml version="1.0" encoding="utf-8"?>
<annotation>
<folder>images</folder>
<filename>8c8007be-IMG_6922.jpeg</filename>
<source>
<database>MyDatabase</database>
<annotation>COCO2017</annotation>
<image>flickr</image>
<flickrid>NULL</flickrid>
<annotator>1</annotator>
</source>
<owner>
<flickrid>NULL</flickrid>
<name>Label Studio</name>
</owner>
<size>
<width>640</width>
<height>480</height>
<depth>3</depth>
</size>
<segmented>0</segmented>
<object>
<name>Bud</name>
<pose>Unspecified</pose>
<truncated>0</truncated>
<difficult>0</difficult>
<bndbox>
<xmin>43</xmin>
<ymin>356</ymin>
<xmax>92</xmax>
<ymax>443</ymax>
</bndbox>
</object>
<object>
<name>Bud</name>
<pose>Unspecified</pose>
<truncated>0</truncated>
<difficult>0</difficult>
<bndbox>
<xmin>1</xmin>
<ymin>234</ymin>
<xmax>58</xmax>
<ymax>271</ymax>
</bndbox>
</object>
<object>
<name>Bud</name>
<pose>Unspecified</pose>
<truncated>0</truncated>
<difficult>0</difficult>
<bndbox>
<xmin>49</xmin>
<ymin>46</ymin>
<xmax>134</xmax>
<ymax>156</ymax>
</bndbox>
</object>
<object>
<name>Bud</name>
<pose>Unspecified</pose>
<truncated>0</truncated>
<difficult>0</difficult>
<bndbox>
<xmin>234</xmin>
<ymin>163</ymin>
<xmax>281</xmax>
<ymax>212</ymax>
</bndbox>
</object>
<object>
<name>Bud</name>
<pose>Unspecified</pose>
<truncated>0</truncated>
<difficult>0</difficult>
<bndbox>
<xmin>144</xmin>
<ymin>117</ymin>
<xmax>188</xmax>
<ymax>191</ymax>
</bndbox>
</object>
<object>
<name>Bud</name>
<pose>Unspecified</pose>
<truncated>0</truncated>
<difficult>0</difficult>
<bndbox>
<xmin>257</xmin>
<ymin>277</ymin>
<xmax>329</xmax>
<ymax>364</ymax>
</bndbox>
</object>
<object>
<name>Bud</name>
<pose>Unspecified</pose>
<truncated>0</truncated>
<difficult>0</difficult>
<bndbox>
<xmin>375</xmin>
<ymin>235</ymin>
<xmax>424</xmax>
<ymax>283</ymax>
</bndbox>
</object>
<object>
<name>Leaf</name>
<pose>Unspecified</pose>
<truncated>0</truncated>
<difficult>0</difficult>
<bndbox>
<xmin>490</xmin>
<ymin>100</ymin>
<xmax>637</xmax>
<ymax>179</ymax>
</bndbox>
</object>
<object>
<name>Leaf-Attachment</name>
<pose>Unspecified</pose>
<truncated>0</truncated>
<difficult>0</difficult>
<bndbox>
<xmin>481</xmin>
<ymin>126</ymin>
<xmax>499</xmax>
<ymax>144</ymax>
</bndbox>
</object>
<object>
<name>Leaf-Attachment</name>
<pose>Unspecified</pose>
<truncated>0</truncated>
<difficult>0</difficult>
<bndbox>
<xmin>442</xmin>
<ymin>181</ymin>
<xmax>456</xmax>
<ymax>193</ymax>
</bndbox>
</object>
<object>
<name>Leaf</name>
<pose>Unspecified</pose>
<truncated>0</truncated>
<difficult>0</difficult>
<bndbox>
<xmin>426</xmin>
<ymin>110</ymin>
<xmax>463</xmax>
<ymax>181</ymax>
</bndbox>
</object>
<object>
<name>Leaf</name>
<pose>Unspecified</pose>
<truncated>0</truncated>
<difficult>0</difficult>
<bndbox>
<xmin>398</xmin>
<ymin>143</ymin>
<xmax>453</xmax>
<ymax>187</ymax>
</bndbox>
</object>
<object>
<name>Leaf</name>
<pose>Unspecified</pose>
<truncated>0</truncated>
<difficult>0</difficult>
<bndbox>
<xmin>330</xmin>
<ymin>162</ymin>
<xmax>393</xmax>
<ymax>217</ymax>
</bndbox>
</object>
<object>
<name>Leaf-Attachment</name>
<pose>Unspecified</pose>
<truncated>0</truncated>
<difficult>0</difficult>
<bndbox>
<xmin>380</xmin>
<ymin>213</ymin>
<xmax>389</xmax>
<ymax>225</ymax>
</bndbox>
</object>
<object>
<name>Stem</name>
<pose>Unspecified</pose>
<truncated>0</truncated>
<difficult>0</difficult>
<bndbox>
<xmin>68</xmin>
<ymin>0</ymin>
<xmax>139</xmax>
<ymax>60</ymax>
</bndbox>
</object>
<object>
<name>Stem</name>
<pose>Unspecified</pose>
<truncated>0</truncated>
<difficult>0</difficult>
<bndbox>
<xmin>13</xmin>
<ymin>1</ymin>
<xmax>47</xmax>
<ymax>54</ymax>
</bndbox>
</object>
<object>
<name>Leaf</name>
<pose>Unspecified</pose>
<truncated>0</truncated>
<difficult>0</difficult>
<bndbox>
<xmin>102</xmin>
<ymin>236</ymin>
<xmax>145</xmax>
<ymax>343</ymax>
</bndbox>
</object>
<object>
<name>Leaf</name>
<pose>Unspecified</pose>
<truncated>0</truncated>
<difficult>0</difficult>
<bndbox>
<xmin>155</xmin>
<ymin>218</ymin>
<xmax>196</xmax>
<ymax>244</ymax>
</bndbox>
</object>
<object>
<name>Stem</name>
<pose>Unspecified</pose>
<truncated>0</truncated>
<difficult>0</difficult>
<bndbox>
<xmin>298</xmin>
<ymin>206</ymin>
<xmax>339</xmax>
<ymax>241</ymax>
</bndbox>
</object>
<object>
<name>Stem</name>
<pose>Unspecified</pose>
<truncated>0</truncated>
<difficult>0</difficult>
<bndbox>
<xmin>342</xmin>
<ymin>238</ymin>
<xmax>372</xmax>
<ymax>272</ymax>
</bndbox>
</object>
<object>
<name>Stem</name>
<pose>Unspecified</pose>
<truncated>0</truncated>
<difficult>0</difficult>
<bndbox>
<xmin>335</xmin>
<ymin>295</ymin>
<xmax>352</xmax>
<ymax>321</ymax>
</bndbox>
</object>
<object>
<name>Stem</name>
<pose>Unspecified</pose>
<truncated>0</truncated>
<difficult>0</difficult>
<bndbox>
<xmin>217</xmin>
<ymin>243</ymin>
<xmax>251</xmax>
<ymax>290</ymax>
</bndbox>
</object>
<object>
<name>Leaf</name>
<pose>Unspecified</pose>
<truncated>0</truncated>
<difficult>0</difficult>
<bndbox>
<xmin>446</xmin>
<ymin>311</ymin>
<xmax>461</xmax>
<ymax>327</ymax>
</bndbox>
</object>
<object>
<name>Leaf</name>
<pose>Unspecified</pose>
<truncated>0</truncated>
<difficult>0</difficult>
<bndbox>
<xmin>270</xmin>
<ymin>219</ymin>
<xmax>295</xmax>
<ymax>256</ymax>
</bndbox>
</object>
<object>
<name>Leaf</name>
<pose>Unspecified</pose>
<truncated>0</truncated>
<difficult>0</difficult>
<bndbox>
<xmin>234</xmin>
<ymin>220</ymin>
<xmax>273</xmax>
<ymax>284</ymax>
</bndbox>
</object>
<object>
<name>Leaf</name>
<pose>Unspecified</pose>
<truncated>0</truncated>
<difficult>0</difficult>
<bndbox>
<xmin>213</xmin>
<ymin>214</ymin>
<xmax>234</xmax>
<ymax>236</ymax>
</bndbox>
</object>
</annotation>
