<?xml version="1.0" encoding="utf-8"?>
<annotation>
<folder>images</folder>
<filename>8d531782-IMG_0100.jpeg</filename>
<source>
<database>MyDatabase</database>
<annotation>COCO2017</annotation>
<image>flickr</image>
<flickrid>NULL</flickrid>
<annotator>1</annotator>
</source>
<owner>
<flickrid>NULL</flickrid>
<name>Label Studio</name>
</owner>
<size>
<width>768</width>
<height>1024</height>
<depth>3</depth>
</size>
<segmented>0</segmented>
<object>
<name>Bud</name>
<pose>Unspecified</pose>
<truncated>0</truncated>
<difficult>0</difficult>
<bndbox>
<xmin>345</xmin>
<ymin>520</ymin>
<xmax>526</xmax>
<ymax>695</ymax>
</bndbox>
</object>
<object>
<name>Bud</name>
<pose>Unspecified</pose>
<truncated>0</truncated>
<difficult>0</difficult>
<bndbox>
<xmin>302</xmin>
<ymin>112</ymin>
<xmax>401</xmax>
<ymax>236</ymax>
</bndbox>
</object>
<object>
<name>Bud</name>
<pose>Unspecified</pose>
<truncated>0</truncated>
<difficult>0</difficult>
<bndbox>
<xmin>633</xmin>
<ymin>168</ymin>
<xmax>709</xmax>
<ymax>253</ymax>
</bndbox>
</object>
<object>
<name>Bud</name>
<pose>Unspecified</pose>
<truncated>0</truncated>
<difficult>0</difficult>
<bndbox>
<xmin>386</xmin>
<ymin>37</ymin>
<xmax>453</xmax>
<ymax>99</ymax>
</bndbox>
</object>
<object>
<name>Bud</name>
<pose>Unspecified</pose>
<truncated>0</truncated>
<difficult>0</difficult>
<bndbox>
<xmin>50</xmin>
<ymin>137</ymin>
<xmax>117</xmax>
<ymax>190</ymax>
</bndbox>
</object>
<object>
<name>Bud</name>
<pose>Unspecified</pose>
<truncated>0</truncated>
<difficult>0</difficult>
<bndbox>
<xmin>137</xmin>
<ymin>924</ymin>
<xmax>225</xmax>
<ymax>991</ymax>
</bndbox>
</object>
<object>
<name>Bud</name>
<pose>Unspecified</pose>
<truncated>0</truncated>
<difficult>0</difficult>
<bndbox>
<xmin>714</xmin>
<ymin>518</ymin>
<xmax>767</xmax>
<ymax>594</ymax>
</bndbox>
</object>
<object>
<name>Leaf</name>
<pose>Unspecified</pose>
<truncated>0</truncated>
<difficult>0</difficult>
<bndbox>
<xmin>67</xmin>
<ymin>655</ymin>
<xmax>312</xmax>
<ymax>777</ymax>
</bndbox>
</object>
<object>
<name>Leaf</name>
<pose>Unspecified</pose>
<truncated>0</truncated>
<difficult>0</difficult>
<bndbox>
<xmin>322</xmin>
<ymin>256</ymin>
<xmax>377</xmax>
<ymax>475</ymax>
</bndbox>
</object>
<object>
<name>Leaf</name>
<pose>Unspecified</pose>
<truncated>0</truncated>
<difficult>0</difficult>
<bndbox>
<xmin>386</xmin>
<ymin>273</ymin>
<xmax>502</xmax>
<ymax>403</ymax>
</bndbox>
</object>
<object>
<name>Leaf</name>
<pose>Unspecified</pose>
<truncated>0</truncated>
<difficult>0</difficult>
<bndbox>
<xmin>71</xmin>
<ymin>317</ymin>
<xmax>273</xmax>
<ymax>392</ymax>
</bndbox>
</object>
<object>
<name>Leaf</name>
<pose>Unspecified</pose>
<truncated>0</truncated>
<difficult>0</difficult>
<bndbox>
<xmin>197</xmin>
<ymin>502</ymin>
<xmax>322</xmax>
<ymax>634</ymax>
</bndbox>
</object>
<object>
<name>Leaf</name>
<pose>Unspecified</pose>
<truncated>0</truncated>
<difficult>0</difficult>
<bndbox>
<xmin>541</xmin>
<ymin>647</ymin>
<xmax>767</xmax>
<ymax>867</ymax>
</bndbox>
</object>
<object>
<name>Leaf</name>
<pose>Unspecified</pose>
<truncated>0</truncated>
<difficult>0</difficult>
<bndbox>
<xmin>436</xmin>
<ymin>827</ymin>
<xmax>591</xmax>
<ymax>1023</ymax>
</bndbox>
</object>
<object>
<name>Leaf</name>
<pose>Unspecified</pose>
<truncated>0</truncated>
<difficult>0</difficult>
<bndbox>
<xmin>281</xmin>
<ymin>678</ymin>
<xmax>415</xmax>
<ymax>892</ymax>
</bndbox>
</object>
<object>
<name>Leaf</name>
<pose>Unspecified</pose>
<truncated>0</truncated>
<difficult>0</difficult>
<bndbox>
<xmin>608</xmin>
<ymin>354</ymin>
<xmax>671</xmax>
<ymax>445</ymax>
</bndbox>
</object>
</annotation>
