<?xml version="1.0" encoding="utf-8"?>
<annotation>
<folder>images</folder>
<filename>9758a822-IMG_6924.jpeg</filename>
<source>
<database>MyDatabase</database>
<annotation>COCO2017</annotation>
<image>flickr</image>
<flickrid>NULL</flickrid>
<annotator>1</annotator>
</source>
<owner>
<flickrid>NULL</flickrid>
<name>Label Studio</name>
</owner>
<size>
<width>640</width>
<height>480</height>
<depth>3</depth>
</size>
<segmented>0</segmented>
<object>
<name>Bud</name>
<pose>Unspecified</pose>
<truncated>0</truncated>
<difficult>0</difficult>
<bndbox>
<xmin>9</xmin>
<ymin>320</ymin>
<xmax>74</xmax>
<ymax>410</ymax>
</bndbox>
</object>
<object>
<name>Bud</name>
<pose>Unspecified</pose>
<truncated>0</truncated>
<difficult>0</difficult>
<bndbox>
<xmin>236</xmin>
<ymin>176</ymin>
<xmax>307</xmax>
<ymax>264</ymax>
</bndbox>
</object>
<object>
<name>Bud</name>
<pose>Unspecified</pose>
<truncated>0</truncated>
<difficult>0</difficult>
<bndbox>
<xmin>137</xmin>
<ymin>56</ymin>
<xmax>163</xmax>
<ymax>95</ymax>
</bndbox>
</object>
<object>
<name>Bud</name>
<pose>Unspecified</pose>
<truncated>0</truncated>
<difficult>0</difficult>
<bndbox>
<xmin>101</xmin>
<ymin>24</ymin>
<xmax>129</xmax>
<ymax>63</ymax>
</bndbox>
</object>
</annotation>
