<?xml version="1.0" encoding="utf-8"?>
<annotation>
<folder>images</folder>
<filename>98fa0ee0-IMG_5920.jpeg</filename>
<source>
<database>MyDatabase</database>
<annotation>COCO2017</annotation>
<image>flickr</image>
<flickrid>NULL</flickrid>
<annotator>1</annotator>
</source>
<owner>
<flickrid>NULL</flickrid>
<name>Label Studio</name>
</owner>
<size>
<width>768</width>
<height>1024</height>
<depth>3</depth>
</size>
<segmented>0</segmented>
<object>
<name>Bud</name>
<pose>Unspecified</pose>
<truncated>0</truncated>
<difficult>0</difficult>
<bndbox>
<xmin>374</xmin>
<ymin>382</ymin>
<xmax>660</xmax>
<ymax>511</ymax>
</bndbox>
</object>
<object>
<name>Bud</name>
<pose>Unspecified</pose>
<truncated>0</truncated>
<difficult>0</difficult>
<bndbox>
<xmin>206</xmin>
<ymin>497</ymin>
<xmax>320</xmax>
<ymax>616</ymax>
</bndbox>
</object>
<object>
<name>Leaf</name>
<pose>Unspecified</pose>
<truncated>0</truncated>
<difficult>0</difficult>
<bndbox>
<xmin>435</xmin>
<ymin>518</ymin>
<xmax>682</xmax>
<ymax>917</ymax>
</bndbox>
</object>
<object>
<name>Leaf</name>
<pose>Unspecified</pose>
<truncated>0</truncated>
<difficult>0</difficult>
<bndbox>
<xmin>348</xmin>
<ymin>116</ymin>
<xmax>505</xmax>
<ymax>385</ymax>
</bndbox>
</object>
<object>
<name>Leaf</name>
<pose>Unspecified</pose>
<truncated>0</truncated>
<difficult>0</difficult>
<bndbox>
<xmin>467</xmin>
<ymin>98</ymin>
<xmax>645</xmax>
<ymax>382</ymax>
</bndbox>
</object>
<object>
<name>Leaf</name>
<pose>Unspecified</pose>
<truncated>0</truncated>
<difficult>0</difficult>
<bndbox>
<xmin>394</xmin>
<ymin>273</ymin>
<xmax>477</xmax>
<ymax>398</ymax>
</bndbox>
</object>
<object>
<name>Leaf</name>
<pose>Unspecified</pose>
<truncated>0</truncated>
<difficult>0</difficult>
<bndbox>
<xmin>382</xmin>
<ymin>518</ymin>
<xmax>485</xmax>
<ymax>846</ymax>
</bndbox>
</object>
<object>
<name>Leaf</name>
<pose>Unspecified</pose>
<truncated>0</truncated>
<difficult>0</difficult>
<bndbox>
<xmin>222</xmin>
<ymin>408</ymin>
<xmax>275</xmax>
<ymax>519</ymax>
</bndbox>
</object>
</annotation>
