<?xml version="1.0" encoding="utf-8"?>
<annotation>
<folder>images</folder>
<filename>a2409362-IMG_6800.jpeg</filename>
<source>
<database>MyDatabase</database>
<annotation>COCO2017</annotation>
<image>flickr</image>
<flickrid>NULL</flickrid>
<annotator>1</annotator>
</source>
<owner>
<flickrid>NULL</flickrid>
<name>Label Studio</name>
</owner>
<size>
<width>768</width>
<height>1024</height>
<depth>3</depth>
</size>
<segmented>0</segmented>
<object>
<name>Leaf-Attachment</name>
<pose>Unspecified</pose>
<truncated>0</truncated>
<difficult>0</difficult>
<bndbox>
<xmin>327</xmin>
<ymin>486</ymin>
<xmax>351</xmax>
<ymax>504</ymax>
</bndbox>
</object>
<object>
<name>Leaf</name>
<pose>Unspecified</pose>
<truncated>0</truncated>
<difficult>0</difficult>
<bndbox>
<xmin>330</xmin>
<ymin>405</ymin>
<xmax>368</xmax>
<ymax>492</ymax>
</bndbox>
</object>
<object>
<name>Leaf</name>
<pose>Unspecified</pose>
<truncated>0</truncated>
<difficult>0</difficult>
<bndbox>
<xmin>240</xmin>
<ymin>535</ymin>
<xmax>289</xmax>
<ymax>581</ymax>
</bndbox>
</object>
<object>
<name>Leaf</name>
<pose>Unspecified</pose>
<truncated>0</truncated>
<difficult>0</difficult>
<bndbox>
<xmin>205</xmin>
<ymin>446</ymin>
<xmax>241</xmax>
<ymax>510</ymax>
</bndbox>
</object>
<object>
<name>Leaf</name>
<pose>Unspecified</pose>
<truncated>0</truncated>
<difficult>0</difficult>
<bndbox>
<xmin>398</xmin>
<ymin>548</ymin>
<xmax>476</xmax>
<ymax>653</ymax>
</bndbox>
</object>
<object>
<name>Leaf</name>
<pose>Unspecified</pose>
<truncated>0</truncated>
<difficult>0</difficult>
<bndbox>
<xmin>441</xmin>
<ymin>433</ymin>
<xmax>478</xmax>
<ymax>494</ymax>
</bndbox>
</object>
<object>
<name>Stem</name>
<pose>Unspecified</pose>
<truncated>0</truncated>
<difficult>0</difficult>
<bndbox>
<xmin>309</xmin>
<ymin>488</ymin>
<xmax>399</xmax>
<ymax>931</ymax>
</bndbox>
</object>
<object>
<name>Bud</name>
<pose>Unspecified</pose>
<truncated>0</truncated>
<difficult>0</difficult>
<bndbox>
<xmin>240</xmin>
<ymin>292</ymin>
<xmax>438</xmax>
<ymax>496</ymax>
</bndbox>
</object>
<object>
<name>Bud</name>
<pose>Unspecified</pose>
<truncated>0</truncated>
<difficult>0</difficult>
<bndbox>
<xmin>155</xmin>
<ymin>442</ymin>
<xmax>265</xmax>
<ymax>527</ymax>
</bndbox>
</object>
<object>
<name>Stem</name>
<pose>Unspecified</pose>
<truncated>0</truncated>
<difficult>0</difficult>
<bndbox>
<xmin>628</xmin>
<ymin>688</ymin>
<xmax>671</xmax>
<ymax>942</ymax>
</bndbox>
</object>
</annotation>
