<?xml version="1.0" encoding="utf-8"?>
<annotation>
<folder>images</folder>
<filename>b1ca7390-IMG_6916.jpeg</filename>
<source>
<database>MyDatabase</database>
<annotation>COCO2017</annotation>
<image>flickr</image>
<flickrid>NULL</flickrid>
<annotator>1</annotator>
</source>
<owner>
<flickrid>NULL</flickrid>
<name>Label Studio</name>
</owner>
<size>
<width>640</width>
<height>480</height>
<depth>3</depth>
</size>
<segmented>0</segmented>
<object>
<name>Bud</name>
<pose>Unspecified</pose>
<truncated>0</truncated>
<difficult>0</difficult>
<bndbox>
<xmin>48</xmin>
<ymin>318</ymin>
<xmax>126</xmax>
<ymax>418</ymax>
</bndbox>
</object>
<object>
<name>Bud</name>
<pose>Unspecified</pose>
<truncated>0</truncated>
<difficult>0</difficult>
<bndbox>
<xmin>160</xmin>
<ymin>229</ymin>
<xmax>231</xmax>
<ymax>322</ymax>
</bndbox>
</object>
<object>
<name>Bud</name>
<pose>Unspecified</pose>
<truncated>0</truncated>
<difficult>0</difficult>
<bndbox>
<xmin>207</xmin>
<ymin>174</ymin>
<xmax>273</xmax>
<ymax>244</ymax>
</bndbox>
</object>
<object>
<name>Bud</name>
<pose>Unspecified</pose>
<truncated>0</truncated>
<difficult>0</difficult>
<bndbox>
<xmin>268</xmin>
<ymin>9</ymin>
<xmax>378</xmax>
<ymax>147</ymax>
</bndbox>
</object>
<object>
<name>Bud</name>
<pose>Unspecified</pose>
<truncated>0</truncated>
<difficult>0</difficult>
<bndbox>
<xmin>243</xmin>
<ymin>116</ymin>
<xmax>334</xmax>
<ymax>212</ymax>
</bndbox>
</object>
<object>
<name>Stem</name>
<pose>Unspecified</pose>
<truncated>0</truncated>
<difficult>0</difficult>
<bndbox>
<xmin>38</xmin>
<ymin>425</ymin>
<xmax>76</xmax>
<ymax>476</ymax>
</bndbox>
</object>
<object>
<name>Stem</name>
<pose>Unspecified</pose>
<truncated>0</truncated>
<difficult>0</difficult>
<bndbox>
<xmin>64</xmin>
<ymin>416</ymin>
<xmax>86</xmax>
<ymax>446</ymax>
</bndbox>
</object>
<object>
<name>Stem</name>
<pose>Unspecified</pose>
<truncated>0</truncated>
<difficult>0</difficult>
<bndbox>
<xmin>127</xmin>
<ymin>323</ymin>
<xmax>197</xmax>
<ymax>386</ymax>
</bndbox>
</object>
<object>
<name>Stem</name>
<pose>Unspecified</pose>
<truncated>0</truncated>
<difficult>0</difficult>
<bndbox>
<xmin>111</xmin>
<ymin>382</ymin>
<xmax>136</xmax>
<ymax>413</ymax>
</bndbox>
</object>
<object>
<name>Stem</name>
<pose>Unspecified</pose>
<truncated>0</truncated>
<difficult>0</difficult>
<bndbox>
<xmin>89</xmin>
<ymin>409</ymin>
<xmax>123</xmax>
<ymax>426</ymax>
</bndbox>
</object>
<object>
<name>Stem</name>
<pose>Unspecified</pose>
<truncated>0</truncated>
<difficult>0</difficult>
<bndbox>
<xmin>70</xmin>
<ymin>425</ymin>
<xmax>93</xmax>
<ymax>444</ymax>
</bndbox>
</object>
<object>
<name>Leaf</name>
<pose>Unspecified</pose>
<truncated>0</truncated>
<difficult>0</difficult>
<bndbox>
<xmin>260</xmin>
<ymin>61</ymin>
<xmax>273</xmax>
<ymax>99</ymax>
</bndbox>
</object>
<object>
<name>Leaf</name>
<pose>Unspecified</pose>
<truncated>0</truncated>
<difficult>0</difficult>
<bndbox>
<xmin>323</xmin>
<ymin>26</ymin>
<xmax>338</xmax>
<ymax>61</ymax>
</bndbox>
</object>
<object>
<name>Leaf</name>
<pose>Unspecified</pose>
<truncated>0</truncated>
<difficult>0</difficult>
<bndbox>
<xmin>345</xmin>
<ymin>65</ymin>
<xmax>367</xmax>
<ymax>86</ymax>
</bndbox>
</object>
<object>
<name>Leaf</name>
<pose>Unspecified</pose>
<truncated>0</truncated>
<difficult>0</difficult>
<bndbox>
<xmin>323</xmin>
<ymin>84</ymin>
<xmax>335</xmax>
<ymax>111</ymax>
</bndbox>
</object>
<object>
<name>Leaf-Attachment</name>
<pose>Unspecified</pose>
<truncated>0</truncated>
<difficult>0</difficult>
<bndbox>
<xmin>219</xmin>
<ymin>170</ymin>
<xmax>246</xmax>
<ymax>200</ymax>
</bndbox>
</object>
<object>
<name>Stem</name>
<pose>Unspecified</pose>
<truncated>0</truncated>
<difficult>0</difficult>
<bndbox>
<xmin>276</xmin>
<ymin>208</ymin>
<xmax>326</xmax>
<ymax>218</ymax>
</bndbox>
</object>
<object>
<name>Stem</name>
<pose>Unspecified</pose>
<truncated>0</truncated>
<difficult>0</difficult>
<bndbox>
<xmin>230</xmin>
<ymin>237</ymin>
<xmax>260</xmax>
<ymax>276</ymax>
</bndbox>
</object>
</annotation>
