<?xml version="1.0" encoding="utf-8"?>
<annotation>
<folder>images</folder>
<filename>f54cb875-IMG_6928.jpeg</filename>
<source>
<database>MyDatabase</database>
<annotation>COCO2017</annotation>
<image>flickr</image>
<flickrid>NULL</flickrid>
<annotator>1</annotator>
</source>
<owner>
<flickrid>NULL</flickrid>
<name>Label Studio</name>
</owner>
<size>
<width>640</width>
<height>480</height>
<depth>3</depth>
</size>
<segmented>0</segmented>
<object>
<name>Bud</name>
<pose>Unspecified</pose>
<truncated>0</truncated>
<difficult>0</difficult>
<bndbox>
<xmin>221</xmin>
<ymin>49</ymin>
<xmax>312</xmax>
<ymax>164</ymax>
</bndbox>
</object>
<object>
<name>Bud</name>
<pose>Unspecified</pose>
<truncated>0</truncated>
<difficult>0</difficult>
<bndbox>
<xmin>272</xmin>
<ymin>182</ymin>
<xmax>347</xmax>
<ymax>284</ymax>
</bndbox>
</object>
<object>
<name>Bud</name>
<pose>Unspecified</pose>
<truncated>0</truncated>
<difficult>0</difficult>
<bndbox>
<xmin>356</xmin>
<ymin>314</ymin>
<xmax>441</xmax>
<ymax>474</ymax>
</bndbox>
</object>
<object>
<name>Bud</name>
<pose>Unspecified</pose>
<truncated>0</truncated>
<difficult>0</difficult>
<bndbox>
<xmin>119</xmin>
<ymin>146</ymin>
<xmax>175</xmax>
<ymax>204</ymax>
</bndbox>
</object>
</annotation>
